{"cameraMode":{"drawMode":0,"name":"Shaded","section":"Shading Mode"},"sceneLighting":false,"audioPlay":false,"sceneViewState":{"showFog":true,"showMaterialUpdate":false,"showSkybox":true,"showFlares":true,"showImageEffects":true,"showParticleSystems":true},"in2DMode":false,"pivot":{"x":-40.054588317871097,"y":-36.46918487548828,"z":130.9202423095703},"rotation":{"x":-0.22916153073310853,"y":0.6925257444381714,"z":-0.2491169422864914,"w":-0.6370511651039124},"size":97.98974609375,"orthographic":false}