{"cameraMode":{"drawMode":0,"name":"Shaded","section":"Shading Mode"},"sceneLighting":false,"audioPlay":false,"sceneViewState":{"showFog":true,"showMaterialUpdate":false,"showSkybox":false,"showFlares":true,"showImageEffects":true,"showParticleSystems":true},"in2DMode":false,"pivot":{"x":-6.392024993896484,"y":-4.120542526245117,"z":7.996720314025879},"rotation":{"x":-0.14046816527843476,"y":0.6656187176704407,"z":-0.12960833311080934,"w":-0.7214094400405884},"size":14.300317764282227,"orthographic":false}